,Chr.Pos,RSID,Coeff,SD,chr,pos,ref,alt,af_EUR,beta_EUR,se_EUR,BETA
1,1:110154688,rs17024393,0.066,0.009,1,110154688,T,C,0.02589,0.0871,0.008041,0.0871
2,1:177889480,rs543874,0.048,0.004,1,177889480,A,G,0.2076,0.05877,0.003139,0.05877
3,1:201784287,rs2820292,0.02,0.003,1,201784287,A,C,0.5672,0.02419,0.002568,0.02419
4,1:47684677,rs977747,0.017,0.003,1,47684677,T,G,0.583,-0.01386,0.002584,0.01386
5,1:49589847,rs657452,0.023,0.003,1,49589847,A,G,0.609,-0.01983,0.002616,0.01983
6,1:50559820,rs11583200,0.018,0.003,1,50559820,C,T,0.6128,-0.01618,0.002617,0.01618
7,1:72751185,rs3101336,0.033,0.003,1,72751185,T,C,0.6005,0.0265,0.002594,0.0265
8,1:75002193,rs12566985,0.024,0.003,1,75002193,G,A,0.5625,-0.02185,0.002566,0.02185
9,1:78446761,rs12401738,0.021,0.003,1,78446761,G,A,0.3824,0.01834,0.002619,0.01834
10,1:96924097,rs11165643,0.022,0.003,1,96924097,C,T,0.5924,0.02154,0.002589,0.02154
11,2:143043285,rs2121279,0.025,0.004,2,143043285,C,T,0.1257,0.009008,0.003849,0.009008
12,2:164567689,rs1460676,0.02,0.004,2,164567689,T,C,0.1548,0.01731,0.003518,0.01731
13,2:181550962,rs1528435,0.018,0.003,2,181550962,C,T,0.6209,0.0127,0.002624,0.0127
14,2:208255518,rs17203016,0.021,0.004,2,208255518,A,G,0.2021,0.01806,0.003179,0.01806
15,2:213413231,rs7599312,0.022,0.003,2,213413231,G,A,0.2683,-0.02521,0.002896,0.02521
16,2:219349752,rs492400,0.016,0.003,2,219349752,C,T,0.5694,-0.01215,0.002572,0.01215
17,2:227092802,rs2176040,0.014,0.003,2,227092802,A,G,0.6477,-0.003467,0.002661,0.003467
18,2:25150296,rs10182181,0.031,0.003,2,25150296,A,G,0.4873,0.03445,0.002546,0.03445
19,2:26928811,rs11126666,0.021,0.003,2,26928811,G,A,0.2548,0.002679,0.00292,0.002679
20,2:59305625,rs1016287,0.023,0.003,2,59305625,T,C,0.701,-0.02361,0.002782,0.02361
21,2:63053048,rs11688816,0.017,0.003,2,63053048,G,A,0.4568,-0.01575,0.002563,0.01575
22,2:632348,rs13021737,0.06,0.004,2,632348,A,G,0.829,0.07445,0.003376,0.07445
23,3:25106437,rs6804842,0.019,0.003,3,25106437,A,G,0.5735,0.01237,0.002578,0.01237
24,3:61236462,rs2365389,0.02,0.003,3,61236462,C,T,0.4083,-0.02027,0.002594,0.02027
25,3:85807590,rs13078960,0.03,0.004,3,85807590,T,G,0.2012,0.02396,0.003178,0.02396
26,3:141275436,rs16851483,0.048,0.008,3,141275436,G,T,0.06595,0.0456,0.005128,0.0456
27,3:185824004,rs1516725,0.045,0.005,3,185824004,T,C,0.8632,0.0435,0.003707,0.0435
28,4:103188709,rs13107325,0.048,0.007,4,103188709,C,T,0.07459,0.06629,0.004848,0.06629
29,4:145659064,rs11727676,0.036,0.006,4,145659064,T,C,0.09617,-0.01316,0.00431,0.01316
30,4:45182527,rs10938397,0.04,0.003,4,45182527,A,G,0.4344,0.03539,0.002571,0.03539
31,4:77129568,rs17001654,0.031,0.005,4,77129568,C,G,0.1478,0.01611,0.003629,0.01611
32,5:153537893,rs7715256,0.016,0.003,5,153537893,G,T,0.5736,-0.01434,0.002571,0.01434
33,5:75015242,rs2112347,0.026,0.003,5,75015242,T,G,0.3592,-0.03646,0.002656,0.03646
34,6:34563164,rs205262,0.022,0.004,6,34563164,A,G,0.2679,0.03625,0.002871,0.03625
35,6:40348653,rs2033529,0.019,0.003,6,40348653,A,G,0.2889,0.02436,0.002817,0.02436
36,6:108977663,rs9400239,0.019,0.003,6,108977663,T,C,0.7068,0.02125,0.002795,0.02125
37,6:120185665,rs9374842,0.019,0.004,6,120185665,C,T,0.7717,0.01338,0.003031,0.01338
38,6:137675541,rs13201877,0.023,0.005,6,137675541,A,G,0.134,0.0141,0.003774,0.0141
39,6:163033350,rs13191362,0.028,0.005,6,163033350,A,G,0.1253,-0.02401,0.003854,0.02401
40,6:50845490,rs2207139,0.045,0.004,6,50845490,A,G,0.1686,0.0505,0.003398,0.0505
41,7:75163169,rs1167827,0.02,0.003,7,75163169,A,G,0.5647,0.025,0.002568,0.025
42,7:76608143,rs2245368,0.032,0.006,7,76608143,C,T,0.8324,-0.02242,0.003404,0.02242
43,7:93197732,rs9641123,0.019,0.004,7,93197732,G,C,0.4071,0.009136,0.002592,0.009136
44,7:95169514,rs6465468,0.017,0.004,7,95169514,G,T,0.309,0.007195,0.002763,0.007195
45,8:76806584,rs17405819,0.022,0.003,8,76806584,T,C,0.2978,-0.02291,0.002785,0.02291
46,8:81375457,rs16907751,0.035,0.007,8,81375457,C,T,0.09464,-0.02161,0.004356,0.02161
47,8:85079709,rs2033732,0.019,0.004,8,85079709,T,C,0.7445,0.01247,0.002918,0.01247
48,8:90791530,rs3849570,0.019,0.003,8,90791530,G,T,0.5848,0.0002951,0.002595,0.0002951
49,9:111932342,rs6477694,0.017,0.003,9,111932342,C,T,0.6465,-0.01449,0.00267,0.01449
50,9:15634326,rs4740619,0.018,0.003,9,15634326,T,C,0.4486,-0.02474,0.002559,0.02474
51,9:28414339,rs10968576,0.025,0.003,9,28414339,A,G,0.3232,0.03269,0.002716,0.03269
52,10:102395440,rs17094222,0.025,0.004,10,102395440,T,C,0.2128,0.01989,0.003119,0.01989
53,10:104869038,rs11191560,0.031,0.005,10,104869038,T,C,0.07656,0.03572,0.004774,0.03572
54,10:114758349,rs7903146,0.023,0.003,10,114758349,C,T,0.2904,-0.02081,0.002799,0.02081
55,10:87410904,rs7899106,0.04,0.007,10,87410904,A,G,0.05056,0.03856,0.005827,0.03856
56,11:115022404,rs12286929,0.022,0.003,11,115022404,A,G,0.5262,0.01795,0.00255,0.01795
57,11:27684517,rs11030104,0.041,0.004,11,27684517,A,G,0.2031,-0.03919,0.003164,0.03919
58,11:43864278,rs2176598,0.02,0.004,11,43864278,T,C,0.7544,-0.02891,0.002955,0.02891
59,11:47650993,rs3817334,0.026,0.003,11,47650993,C,T,0.4075,0.03176,0.002585,0.03176
60,11:8673939,rs4256980,0.021,0.003,11,8673939,C,G,0.6557,0.01817,0.002682,0.01817
61,12:122781897,rs11057405,0.031,0.006,12,122781897,G,A,0.1058,-0.03042,0.004138,0.03042
62,12:50247468,rs7138803,0.032,0.003,12,50247468,G,A,0.3684,0.03274,0.002637,0.03274
63,13:28017782,rs12016871,0.03,0.005,13,28017782,C,T,0.1803,0.01319,0.003311,0.01319
64,13:54102206,rs12429545,0.033,0.005,13,54102206,G,A,0.1292,0.03133,0.003824,0.03133
65,13:66205704,rs9540493,0.017,0.003,13,66205704,A,G,0.544,-0.01821,0.002566,0.01821
66,13:79580919,rs1441264,0.018,0.003,13,79580919,G,A,0.592,0.02237,0.002644,0.02237
67,14:25928179,rs10132280,0.023,0.003,14,25928179,C,A,0.3006,-0.0191,0.002789,0.0191
68,14:29736838,rs12885454,0.021,0.003,14,29736838,C,A,0.3575,-0.02262,0.002657,0.02262
69,14:30515112,rs11847697,0.049,0.008,14,30515112,C,T,0.0436,0.03653,0.006227,0.03653
70,9:120378483,rs1928295,0.019,0.003,9,120378483,T,C,0.4297,-0.00964,0.002569,0.00964
71,9:129460914,rs10733682,0.017,0.003,9,129460914,A,G,0.5276,-0.0109,0.002587,0.0109
72,14:79899454,rs7141420,0.024,0.003,14,79899454,C,T,0.5151,0.0255,0.002562,0.0255
73,15:51748610,rs3736485,0.018,0.003,15,51748610,A,G,0.5386,-0.01379,0.002562,0.01379
74,15:68077168,rs16951275,0.031,0.004,15,68077168,T,C,0.2256,-0.03775,0.003039,0.03775
75,15:73093991,rs7164727,0.018,0.003,15,73093991,C,T,0.668,0.02028,0.002714,0.02028
76,16:19935389,rs12446632,0.04,0.005,16,19935389,G,A,0.1424,-0.03324,0.003642,0.03324
77,16:28333411,rs2650492,0.021,0.004,16,28333411,G,A,0.2981,0.01954,0.00279,0.01954
78,16:28889486,rs3888190,0.031,0.003,16,28889486,C,A,0.4014,0.02974,0.002594,0.02974
79,16:30015337,rs4787491,0.016,0.003,16,30015337,A,G,0.535,0.01882,0.00255,0.01882
80,16:31129895,rs9925964,0.019,0.003,16,31129895,A,G,0.358,-0.02385,0.002654,0.02385
81,16:3627358,rs758747,0.023,0.004,16,3627358,C,T,0.2774,0.01576,0.002869,0.01576
82,16:49062590,rs2080454,0.017,0.003,16,49062590,C,A,0.6105,-0.01186,0.002624,0.01186
83,16:53803574,rs1558902,0.082,0.003,16,53803574,T,A,0.4024,0.09803,0.002593,0.09803
84,17:2005136,rs9914578,0.02,0.004,17,2005136,C,G,0.2031,0.01212,0.003162,0.01212
85,17:5283252,rs1000940,0.019,0.003,17,5283252,A,G,0.301,0.01346,0.002779,0.01346
86,17:78615571,rs12940622,0.018,0.003,17,78615571,G,A,0.4409,-0.02108,0.002559,0.02108
87,18:21104888,rs1808579,0.017,0.003,18,21104888,C,T,0.4847,-0.02692,0.002548,0.02692
88,18:40147671,rs7239883,0.016,0.003,18,40147671,G,A,0.6219,-0.01335,0.002631,0.01335
89,18:56883319,rs7243357,0.022,0.004,18,56883319,T,G,0.1761,-0.01444,0.003352,0.01444
90,18:57829135,rs6567160,0.056,0.004,18,57829135,T,C,0.2334,0.06877,0.003007,0.06877
91,19:18454825,rs17724992,0.019,0.004,19,18454825,A,G,0.2671,-0.0229,0.00288,0.0229
92,19:34309532,rs29941,0.018,0.003,19,34309532,A,G,0.6732,0.01907,0.002718,0.01907
93,19:45395619,rs2075650,0.026,0.005,19,45395619,A,G,0.1464,-0.02035,0.003601,0.02035
94,19:46202172,rs2287019,0.036,0.004,19,46202172,C,T,0.1818,-0.03871,0.003316,0.03871
95,19:47569003,rs3810291,0.028,0.004,19,47569003,G,A,0.6768,0.0385,0.002718,0.0385
96,20:51087862,rs6091540,0.019,0.004,20,51087862,C,T,0.2984,-0.02283,0.002783,0.02283
97,21:40291740,rs2836754,0.016,0.003,21,40291740,T,C,0.6401,0.01874,0.002649,0.01874
