,RS,V1.x,V2,V3,V4,V5,V6,V7,V8,V1.y
1,rs11165643,1:96924097,rs11165643,96924097,C,T,0.4189,C,0.997531,rs11165643
2,rs11583200,1:50559820,rs11583200,50559820,C,T,0.399489,C,0.992971,rs11583200
3,rs12401738,1:78446761,rs12401738,78446761,G,A,0.365791,A,0.995061,rs12401738
4,rs12566985,1:75002193,rs12566985,75002193,G,A,0.450436,G,0.998187,rs12566985
5,rs17024393,1:110154688,rs17024393,110154688,T,C,0.0262778,C,0.987842,rs17024393
6,rs2820292,rs2820292,rs2820292,201784287,A,C,0.441471,A,1,rs2820292
7,rs3101336,rs3101336,rs3101336,72751185,T,C,0.394796,T,1,rs3101336
8,rs543874,rs543874,rs543874,177889480,A,G,0.204973,G,1,rs543874
9,rs657452,1:49589847,rs657452,49589847,A,G,0.399384,A,0.987417,rs657452
10,rs977747,1:47684677,rs977747,47684677,T,G,0.425638,T,0.99743,rs977747
11,rs1016287,2:59305625,rs1016287,59305625,T,C,0.295337,T,0.996735,rs1016287
12,rs10182181,2:25150296,rs10182181,25150296,A,G,0.492999,G,0.995942,rs10182181
13,rs11126666,2:26928811,rs11126666,26928811,G,A,0.257672,A,0.995881,rs11126666
14,rs11688816,2:63053048,rs11688816,63053048,G,A,0.457168,A,0.992644,rs11688816
15,rs13021737,2:632348,rs13021737,632348,A,G,0.169222,A,0.999856,rs13021737
16,rs1460676,2:164567689,rs1460676,164567689,T,C,0.158634,C,0.996267,rs1460676
17,rs1528435,2:181550962,rs1528435,181550962,C,T,0.378141,C,0.997344,rs1528435
18,rs17203016,2:208255518,rs17203016,208255518,A,G,0.195709,G,0.992255,rs17203016
19,rs2121279,2:143043285,rs2121279,143043285,C,T,0.121108,T,0.9906,rs2121279
20,rs2176040,2:227092802,rs2176040,227092802,A,G,0.347582,A,0.999745,rs2176040
21,rs492400,2:219349752,rs492400,219349752,C,T,0.428663,C,0.996334,rs492400
22,rs7599312,2:213413231,rs7599312,213413231,G,A,0.266457,A,0.978529,rs7599312
23,rs13078960,3:85807590,rs13078960,85807590,T,G,0.195496,G,0.993764,rs13078960
24,rs1516725,3:185824004,rs1516725,185824004,T,C,0.137664,T,0.992055,rs1516725
25,rs16851483,3:141275436,rs16851483,141275436,G,T,0.0668122,T,0.998438,rs16851483
26,rs2365389,3:61236462,rs2365389,61236462,C,T,0.422144,T,0.994259,rs2365389
27,rs6804842,3:25106437,rs6804842,25106437,A,G,0.432217,A,0.991473,rs6804842
28,rs10938397,rs10938397,rs10938397,45182527,A,G,0.428643,G,1,rs10938397
29,rs11727676,rs11727676,rs11727676,145659064,T,C,0.0925332,C,1,rs11727676
30,rs13107325,rs13107325,rs13107325,103188709,C,T,0.0716872,T,1,rs13107325
31,rs17001654,4:77129568,rs17001654,77129568,C,G,0.148034,G,0.972952,rs17001654
32,rs2112347,rs2112347,rs2112347,75015242,T,G,0.368317,G,1,rs2112347
33,rs7715256,5:153537893,rs7715256,153537893,G,T,0.430067,G,0.999087,rs7715256
34,rs13191362,6:163033350,rs13191362,163033350,A,G,0.121557,G,0.994597,rs13191362
35,rs13201877,6:137675541,rs13201877,137675541,A,G,0.129777,G,0.978252,rs13201877
36,rs2033529,6:40348653,rs2033529,40348653,A,G,0.281684,G,0.991641,rs2033529
37,rs205262,6:34563164,rs205262,34563164,A,G,0.274707,G,0.99831,rs205262
38,rs2207139,6:50845490,rs2207139,50845490,A,G,0.169141,G,0.999646,rs2207139
39,rs9374842,6:120185665,rs9374842,120185665,C,T,0.231255,C,0.997054,rs9374842
40,rs9400239,6:108977663,rs9400239,108977663,T,C,0.308745,T,0.994465,rs9400239
41,rs1167827,rs1167827,rs1167827,75163169,A,G,0.431048,A,1,rs1167827
42,rs2245368,rs2245368,rs2245368,76608143,C,T,0.175896,C,1,rs2245368
43,rs6465468,7:95169514,rs6465468,95169514,G,T,0.299019,T,0.990188,rs6465468
44,rs9641123,7:93197732,rs9641123,93197732,G,C,0.398783,C,0.996273,rs9641123
45,rs16907751,8:81375457,rs16907751,81375457,C,T,0.0985943,T,0.991078,rs16907751
46,rs17405819,8:76806584,rs17405819,76806584,T,C,0.294943,C,0.99979,rs17405819
47,rs2033732,rs2033732,rs2033732,85079709,T,C,0.252384,T,1,rs2033732
48,rs384957,8:90791530,rs384957,90791530,G,T,0.416398,G,0.988764,rs384957
49,rs10733682,9:129460914,rs10733682,129460914,A,G,0.472792,A,0.961882,rs10733682
50,rs10968576,rs10968576,rs10968576,28414339,A,G,0.31482,G,1,rs10968576
51,rs1928295,9:120378483,rs1928295,120378483,T,C,0.43023,C,0.999926,rs1928295
52,rs4740619,9:15634326,rs4740619,15634326,T,C,0.452572,C,0.998657,rs4740619
53,rs6477694,9:111932342,rs6477694,111932342,C,T,0.358694,C,0.990418,rs6477694
54,rs11191560,10:104869038,rs11191560,104869038,T,C,0.0805139,C,0.99948,rs11191560
55,rs17094222,10:102395440,rs17094222,102395440,T,C,0.208882,C,0.991452,rs17094222
56,rs7899106,10:87410904,rs7899106,87410904,A,G,0.0505093,G,0.986531,rs7899106
57,rs7903146,rs7903146,rs7903146,114758349,C,T,0.289628,T,1,rs7903146
58,rs11030104,11:27684517,rs11030104,27684517,A,G,0.202658,G,0.998811,rs11030104
59,rs12286929,11:115022404,rs12286929,115022404,A,G,0.475542,A,0.995768,rs12286929
60,rs2176598,rs2176598,rs2176598,43864278,T,C,0.248437,T,1,rs2176598
61,rs3817334,rs3817334,rs3817334,47650993,C,T,0.402047,T,1,rs3817334
62,rs4256980,11:8673939,rs4256980,8673939,C,G,0.353552,C,0.996063,rs4256980
63,rs11057405,rs11057405,rs11057405,122781897,G,A,0.100349,A,1,rs11057405
64,rs7138803,rs7138803,rs7138803,50247468,G,A,0.364782,A,1,rs7138803
65,rs12429545,13:54102206,rs12429545,54102206,G,A,0.129866,A,0.978792,rs12429545
66,rs1441264,13:79580919,rs1441264,79580919,G,A,0.40199,G,0.952647,rs1441264
67,rs9540493,13:66205704,rs9540493,66205704,A,G,0.460718,A,0.988808,rs9540493
68,rs10132280,14:25928179,rs10132280,25928179,C,A,0.302571,A,0.988362,rs10132280
69,rs11847697,rs11847697,rs11847697,30515112,C,T,0.0506218,T,1,rs11847697
70,rs12885454,14:29736838,rs12885454,29736838,C,A,0.351868,A,0.997717,rs12885454
71,rs7141420,14:79899454,rs7141420,79899454,C,T,0.480837,C,0.984748,rs7141420
72,rs16951275,15:68077168,rs16951275,68077168,T,C,0.234678,C,0.999095,rs16951275
73,rs3736485,15:51748610,rs3736485,51748610,A,G,0.467761,A,0.994655,rs3736485
74,rs7164727,15:73093991,rs7164727,73093991,C,T,0.343111,C,0.995285,rs7164727
75,rs12446632,16:19935389,rs12446632,19935389,G,A,0.138464,A,0.999682,rs12446632
76,rs1558902,16:53803574,rs1558902,53803574,T,A,0.394474,A,0.999664,rs1558902
77,rs2080454,16:49062590,rs2080454,49062590,C,A,0.390056,C,0.988744,rs2080454
78,rs2650492,16:28333411,rs2650492,28333411,G,A,0.287752,A,0.988017,rs2650492
79,rs3888190,16:28889486,rs3888190,28889486,C,A,0.390293,A,0.999932,rs3888190
80,rs4787491,16:30015337,rs4787491,30015337,A,G,0.46525,A,0.998122,rs4787491
81,rs758747,16:3627358,rs758747,3627358,C,T,0.286692,T,0.975843,rs758747
82,rs9925964,16:31129895,rs9925964,31129895,A,G,0.353999,G,0.99777,rs9925964
83,rs1000940,17:5283252,rs1000940,5283252,A,G,0.304847,G,0.997741,rs1000940
84,rs12940622,17:78615571,rs12940622,78615571,G,A,0.438555,A,0.998548,rs12940622
85,rs9914578,17:2005136,rs9914578,2005136,C,G,0.212968,G,0.995046,rs9914578
86,rs1808579,18:21104888_C_T,rs1808579,21104888,C,T,0.482088,T,0.997885,rs1808579
87,rs6567160,18:57829135_T_C,rs6567160,57829135,T,C,0.234537,C,0.997773,rs6567160
88,rs7239883,18:40147671_G_A,rs7239883,40147671,G,A,0.377091,G,0.993979,rs7239883
89,rs7243357,18:56883319_T_G,rs7243357,56883319,T,G,0.177665,G,0.990374,rs7243357
90,rs17724992,19:18454825,rs17724992,18454825,A,G,0.269739,G,0.990931,rs17724992
91,rs2075650,rs2075650,rs2075650,45395619,A,G,0.144037,G,1,rs2075650
92,rs2287019,19:46202172,rs2287019,46202172,C,T,0.180794,T,0.984631,rs2287019
93,rs29941,rs29941,rs29941,34309532,A,G,0.326445,A,1,rs29941
94,rs3810291,rs3810291,rs3810291,47569003,G,A,0.342274,G,1,rs3810291
95,rs6091540,20:51087862,rs6091540,51087862,C,T,0.295289,T,0.994981,rs6091540
96,rs2836754,rs2836754,rs2836754,40291740,T,C,0.377315,T,1,rs2836754
,,,,,,,,,,
,,,,,,,,,0.952647,
